{"cameraMode":{"drawMode":0,"name":"Shaded","section":"Shading Mode"},"sceneLighting":true,"audioPlay":false,"sceneViewState":{"m_AlwaysRefresh":false,"showFog":true,"showSkybox":false,"showFlares":true,"showImageEffects":true,"showParticleSystems":true,"showVisualEffectGraphs":true,"m_FxEnabled":true},"in2DMode":false,"pivot":{"x":0.008024774491786957,"y":0.0008446465362794697,"z":-0.00026739988243207335},"rotation":{"x":0.18260960280895234,"y":0.6270087361335754,"z":-0.15443603694438935,"w":0.7413961887359619},"size":0.000023570815756102093,"orthographic":true}