{"cameraMode":{"drawMode":0,"name":"Shaded","section":"Shading Mode"},"sceneLighting":false,"audioPlay":false,"sceneViewState":{"m_AlwaysRefresh":false,"showFog":true,"showSkybox":false,"showFlares":true,"showImageEffects":true,"showParticleSystems":true,"showVisualEffectGraphs":true,"m_FxEnabled":true},"in2DMode":false,"pivot":{"x":0.3454231917858124,"y":0.46194225549697878,"z":-0.17297939956188203},"rotation":{"x":-0.11046836525201798,"y":0.41342660784721377,"z":-0.0506126768887043,"w":-0.9024149179458618},"size":0.2835136651992798,"orthographic":false}