{"cameraMode":{"drawMode":0,"name":"Shaded","section":"Shading Mode"},"sceneLighting":false,"audioPlay":false,"sceneViewState":{"m_AlwaysRefresh":false,"showFog":true,"showSkybox":true,"showFlares":true,"showImageEffects":true,"showParticleSystems":true,"showVisualEffectGraphs":true,"m_FxEnabled":true},"in2DMode":false,"pivot":{"x":2.5730748176574709,"y":0.4660612940788269,"z":6.545211315155029},"rotation":{"x":-0.09507980197668076,"y":-0.12566542625427247,"z":0.012175784446299076,"w":-0.9874653816223145},"size":2.137908697128296,"orthographic":false}