{"cameraMode":{"drawMode":0,"name":"Shaded","section":"Shading Mode"},"sceneLighting":false,"audioPlay":false,"sceneViewState":{"m_AlwaysRefresh":false,"showFog":true,"showSkybox":true,"showFlares":true,"showImageEffects":true,"showParticleSystems":true,"showVisualEffectGraphs":true,"m_FxEnabled":true},"in2DMode":false,"pivot":{"x":2.048271894454956,"y":0.2026652842760086,"z":3.054751396179199},"rotation":{"x":0.13297341763973237,"y":0.0439884290099144,"z":-0.005906946025788784,"w":0.9901317358016968},"size":0.11091504991054535,"orthographic":false}