{"cameraMode":{"drawMode":0,"name":"Shaded","section":"Shading Mode"},"sceneLighting":false,"audioPlay":false,"sceneViewState":{"m_AlwaysRefresh":false,"showFog":true,"showSkybox":true,"showFlares":true,"showImageEffects":true,"showParticleSystems":true,"showVisualEffectGraphs":true,"m_FxEnabled":true},"in2DMode":false,"pivot":{"x":1.400136947631836,"y":3.419198989868164,"z":7.241342544555664},"rotation":{"x":0.06533867865800858,"y":-0.13578037917613984,"z":0.008974557742476464,"w":0.9885421395301819},"size":0.49630454182624819,"orthographic":false}