{"cameraMode":{"drawMode":0,"name":"Shaded","section":"Shading Mode"},"sceneLighting":true,"audioPlay":false,"sceneViewState":{"m_AlwaysRefresh":false,"showFog":true,"showSkybox":true,"showFlares":true,"showImageEffects":true,"showParticleSystems":true,"showVisualEffectGraphs":true,"m_FxEnabled":true},"in2DMode":false,"pivot":{"x":-1.0105167627334595,"y":2.3788394927978517,"z":2.1089553833007814},"rotation":{"x":0.011447316035628319,"y":0.9820897579193115,"z":-0.1771894097328186,"w":0.06343057006597519},"size":0.2177574187517166,"orthographic":false}