{"cameraMode":{"drawMode":0,"name":"Shaded","section":"Shading Mode"},"sceneLighting":true,"audioPlay":false,"sceneViewState":{"m_AlwaysRefresh":false,"showFog":true,"showSkybox":true,"showFlares":true,"showImageEffects":true,"showParticleSystems":true,"showVisualEffectGraphs":true,"m_FxEnabled":true},"in2DMode":false,"pivot":{"x":0.40383338928222659,"y":0.17999999225139619,"z":9.094491958618164},"rotation":{"x":0.17325133085250855,"y":-0.10819528996944428,"z":0.01915428228676319,"w":0.9787403345108032},"size":9.311166763305664,"orthographic":true}