{"cameraMode":{"drawMode":0,"name":"Shaded","section":"Shading Mode"},"sceneLighting":true,"audioPlay":false,"sceneViewState":{"m_AlwaysRefresh":false,"showFog":true,"showSkybox":true,"showFlares":true,"showImageEffects":true,"showParticleSystems":true,"showVisualEffectGraphs":true,"m_FxEnabled":true},"in2DMode":false,"pivot":{"x":-2.699469566345215,"y":1.0520156621932984,"z":-6.260075092315674},"rotation":{"x":0.03405928239226341,"y":-0.1582421064376831,"z":0.005451501812785864,"w":0.9868175387382507},"size":0.8660253882408142,"orthographic":false}