{"cameraMode":{"drawMode":0,"name":"Shaded","section":"Shading Mode"},"sceneLighting":false,"audioPlay":false,"sceneViewState":{"m_AlwaysRefresh":false,"showFog":true,"showSkybox":true,"showFlares":true,"showImageEffects":true,"showParticleSystems":true,"showVisualEffectGraphs":true,"m_FxEnabled":true},"in2DMode":false,"pivot":{"x":-1.3716216087341309,"y":4.691495895385742,"z":11.56873893737793},"rotation":{"x":-0.02369695156812668,"y":-0.011385471560060978,"z":0.00026931645697914064,"w":-0.9996690154075623},"size":5.263789176940918,"orthographic":false}