{"cameraMode":{"drawMode":0,"name":"Shaded","section":"Shading Mode"},"sceneLighting":true,"audioPlay":false,"sceneViewState":{"m_AlwaysRefresh":false,"showFog":true,"showSkybox":true,"showFlares":true,"showImageEffects":true,"showParticleSystems":true,"showVisualEffectGraphs":true,"m_FxEnabled":true},"in2DMode":false,"pivot":{"x":-0.22683221101760865,"y":1.0289605855941773,"z":0.31550589203834536},"rotation":{"x":-0.18049705028533936,"y":-0.6446715593338013,"z":0.16043122112751008,"w":-0.7253304123878479},"size":4.3288187980651859,"orthographic":false}