{"cameraMode":{"drawMode":0,"name":"Shaded","section":"Shading Mode"},"sceneLighting":true,"audioPlay":false,"sceneViewState":{"m_AlwaysRefresh":false,"showFog":true,"showSkybox":true,"showFlares":true,"showImageEffects":true,"showParticleSystems":true,"showVisualEffectGraphs":true,"m_FxEnabled":true},"in2DMode":false,"pivot":{"x":3.6425912380218508,"y":4.741278648376465,"z":0.16886615753173829},"rotation":{"x":0.13415558636188508,"y":0.044874075800180438,"z":-0.006083689164370298,"w":0.9899342060089111},"size":3.9580657482147219,"orthographic":false}