{"cameraMode":{"drawMode":0,"name":"Shaded","section":"Shading Mode"},"sceneLighting":false,"audioPlay":false,"sceneViewState":{"m_AlwaysRefresh":false,"showFog":true,"showSkybox":true,"showFlares":true,"showImageEffects":true,"showParticleSystems":true,"showVisualEffectGraphs":true,"m_FxEnabled":true},"in2DMode":false,"pivot":{"x":-1.9783215522766114,"y":2.1128158569335939,"z":10.199332237243653},"rotation":{"x":0.31322115659713747,"y":-0.00940141174942255,"z":0.003100818023085594,"w":0.949631929397583},"size":4.876370906829834,"orthographic":true}