{"cameraMode":{"drawMode":0,"name":"Shaded","section":"Shading Mode"},"sceneLighting":true,"audioPlay":false,"sceneViewState":{"m_AlwaysRefresh":false,"showFog":true,"showSkybox":true,"showFlares":true,"showImageEffects":true,"showParticleSystems":true,"showVisualEffectGraphs":true,"m_FxEnabled":true},"in2DMode":false,"pivot":{"x":-1.8262301683425904,"y":1.1200000047683716,"z":0.125495046377182},"rotation":{"x":0.0639369934797287,"y":-0.9355350732803345,"z":0.2619425654411316,"w":0.22835709154605866},"size":0.8660253882408142,"orthographic":false}