{"cameraMode":{"drawMode":0,"name":"Shaded","section":"Shading Mode"},"sceneLighting":true,"audioPlay":false,"sceneViewState":{"m_AlwaysRefresh":false,"showFog":true,"showSkybox":true,"showFlares":true,"showImageEffects":true,"showParticleSystems":true,"showVisualEffectGraphs":true,"m_FxEnabled":true},"in2DMode":false,"pivot":{"x":-6.094123363494873,"y":1.7347718477249146,"z":-0.8408247232437134},"rotation":{"x":-0.13722316920757295,"y":-0.6956773400306702,"z":0.13805317878723145,"w":-0.6915022730827332},"size":0.07239969074726105,"orthographic":false}