{"cameraMode":{"drawMode":0,"name":"Shaded","section":"Shading Mode"},"sceneLighting":false,"audioPlay":false,"sceneViewState":{"m_AlwaysRefresh":false,"showFog":true,"showSkybox":true,"showFlares":true,"showImageEffects":true,"showParticleSystems":true,"showVisualEffectGraphs":true,"m_FxEnabled":true},"in2DMode":false,"pivot":{"x":7.270452976226807,"y":-0.548360288143158,"z":-1.5047526359558106},"rotation":{"x":0.018926745280623437,"y":0.6699262261390686,"z":-0.017084870487451555,"w":0.7419987916946411},"size":3.557584285736084,"orthographic":false}