{"cameraMode":{"drawMode":0,"name":"Shaded","section":"Shading Mode"},"sceneLighting":false,"audioPlay":false,"sceneViewState":{"m_AlwaysRefresh":false,"showFog":true,"showSkybox":true,"showFlares":true,"showImageEffects":true,"showParticleSystems":true,"showVisualEffectGraphs":true,"m_FxEnabled":true},"in2DMode":false,"pivot":{"x":2.424609422683716,"y":0.5196439027786255,"z":3.843499183654785},"rotation":{"x":0.07474063336849213,"y":-0.07174384593963623,"z":0.005354424938559532,"w":0.9946309328079224},"size":0.8625215291976929,"orthographic":false}