{"cameraMode":{"drawMode":0,"name":"Shaded","section":"Shading Mode"},"sceneLighting":false,"audioPlay":false,"sceneViewState":{"m_AlwaysRefresh":false,"showFog":true,"showSkybox":true,"showFlares":true,"showImageEffects":true,"showParticleSystems":true,"showVisualEffectGraphs":true,"m_FxEnabled":true},"in2DMode":false,"pivot":{"x":4.606851100921631,"y":10.275487899780274,"z":14.324810028076172},"rotation":{"x":0.04884820803999901,"y":0.8238998055458069,"z":-0.07186026871204376,"w":0.5600494742393494},"size":9.311166763305664,"orthographic":false}