{"cameraMode":{"drawMode":0,"name":"Shaded","section":"Shading Mode"},"sceneLighting":false,"audioPlay":false,"sceneViewState":{"m_AlwaysRefresh":false,"showFog":true,"showSkybox":false,"showFlares":true,"showImageEffects":true,"showParticleSystems":true,"showVisualEffectGraphs":true,"m_FxEnabled":true},"in2DMode":false,"pivot":{"x":-0.2195296287536621,"y":0.14030979573726655,"z":0.1986003816127777},"rotation":{"x":-0.002721706172451377,"y":-0.9972643256187439,"z":0.0572148896753788,"w":-0.0472986064851284},"size":0.9411808848381043,"orthographic":false}