{"cameraMode":{"drawMode":0,"name":"Shaded","section":"Shading Mode"},"sceneLighting":false,"audioPlay":false,"sceneViewState":{"m_AlwaysRefresh":false,"showFog":true,"showSkybox":false,"showFlares":true,"showImageEffects":true,"showParticleSystems":true,"showVisualEffectGraphs":true,"m_FxEnabled":true},"in2DMode":false,"pivot":{"x":596.76904296875,"y":279.70989990234377,"z":-4.34844970703125},"rotation":{"x":-0.0004334615368861705,"y":0.9995832443237305,"z":0.019494032487273217,"w":0.02249247580766678},"size":102.83968353271485,"orthographic":false}