{"cameraMode":{"drawMode":0,"name":"Shaded","section":"Shading Mode"},"sceneLighting":false,"audioPlay":false,"sceneViewState":{"m_AlwaysRefresh":false,"showFog":true,"showSkybox":false,"showFlares":true,"showImageEffects":true,"showParticleSystems":true,"showVisualEffectGraphs":true,"m_FxEnabled":true},"in2DMode":false,"pivot":{"x":0.7090591192245483,"y":1.3718549013137818,"z":-0.09716632962226868},"rotation":{"x":0.34960922598838808,"y":-0.07940704375505448,"z":0.029750432819128038,"w":0.933060348033905},"size":0.25925642251968386,"orthographic":false}