{"cameraMode":{"drawMode":0,"name":"Shaded","section":"Shading Mode"},"sceneLighting":false,"audioPlay":false,"sceneViewState":{"m_AlwaysRefresh":false,"showFog":true,"showSkybox":false,"showFlares":true,"showImageEffects":true,"showParticleSystems":true,"showVisualEffectGraphs":true,"m_FxEnabled":true},"in2DMode":false,"pivot":{"x":0.10497905313968659,"y":0.19166554510593415,"z":-0.597231388092041},"rotation":{"x":0.17736545205116273,"y":0.13387495279312135,"z":-0.02438574656844139,"w":0.9747207164764404},"size":0.16460368037223817,"orthographic":false}