{"cameraMode":{"drawMode":0,"name":"Shaded","section":"Shading Mode"},"sceneLighting":false,"audioPlay":false,"sceneViewState":{"m_AlwaysRefresh":false,"showFog":true,"showSkybox":false,"showFlares":true,"showImageEffects":true,"showParticleSystems":true,"showVisualEffectGraphs":true,"m_FxEnabled":true},"in2DMode":false,"pivot":{"x":-0.06086713820695877,"y":0.046592820435762408,"z":-0.04909271374344826},"rotation":{"x":0.1770191490650177,"y":-0.07669126242399216,"z":0.01381641998887062,"w":0.9811440706253052},"size":0.15662910044193269,"orthographic":false}