{"cameraMode":{"drawMode":0,"name":"Shaded","section":"Shading Mode"},"sceneLighting":false,"audioPlay":false,"sceneViewState":{"m_AlwaysRefresh":false,"showFog":true,"showSkybox":false,"showFlares":true,"showImageEffects":true,"showParticleSystems":true,"showVisualEffectGraphs":true,"m_FxEnabled":true},"in2DMode":false,"pivot":{"x":1.1204259395599366,"y":0.8581547141075134,"z":-2.297271251678467},"rotation":{"x":-0.10435321927070618,"y":0.11964098364114762,"z":-0.01264913473278284,"w":-0.9872564673423767},"size":0.33297261595726015,"orthographic":false}