{"cameraMode":{"drawMode":0,"name":"Shaded","section":"Shading Mode"},"sceneLighting":false,"audioPlay":false,"sceneViewState":{"m_AlwaysRefresh":false,"showFog":true,"showSkybox":false,"showFlares":true,"showImageEffects":true,"showParticleSystems":true,"showVisualEffectGraphs":true,"m_FxEnabled":true},"in2DMode":false,"pivot":{"x":1.1806590557098389,"y":0.5163280963897705,"z":-2.869227170944214},"rotation":{"x":-0.35986292362213137,"y":-0.12071053683757782,"z":0.0470152385532856,"w":-0.9239751696586609},"size":0.17696431279182435,"orthographic":false}