{"cameraMode":{"drawMode":0,"name":"Shaded","section":"Shading Mode"},"sceneLighting":false,"audioPlay":false,"sceneViewState":{"m_AlwaysRefresh":false,"showFog":true,"showSkybox":false,"showFlares":true,"showImageEffects":true,"showParticleSystems":true,"showVisualEffectGraphs":true,"m_FxEnabled":true},"in2DMode":false,"pivot":{"x":0.10404025763273239,"y":0.0073089306242764,"z":0.026623299345374109},"rotation":{"x":0.14783455431461335,"y":0.040041565895080569,"z":-0.005996035877615213,"w":0.9881986379623413},"size":0.1544487178325653,"orthographic":false}