{"cameraMode":{"drawMode":0,"name":"Shaded","section":"Shading Mode"},"sceneLighting":true,"audioPlay":false,"sceneViewState":{"m_AlwaysRefresh":false,"showFog":true,"showSkybox":false,"showFlares":true,"showImageEffects":true,"showParticleSystems":true,"showVisualEffectGraphs":true,"m_FxEnabled":true},"in2DMode":false,"pivot":{"x":-0.010896921157836914,"y":0.010541439056396485,"z":-0.06681203842163086},"rotation":{"x":0.18260960280895234,"y":0.6270087361335754,"z":-0.15443603694438935,"w":0.7413961887359619},"size":2.9711294174194338,"orthographic":true}